{
  "results": [
    {
      "command": "target/release/rtow",
      "mean": 8.107435513184999,
      "stddev": 0.06350076355276658,
      "median": 8.095021179684998,
      "user": 8.103109635,
      "system": 0.004076725000000001,
      "min": 8.027977286685,
      "max": 8.211674100684998,
      "times": [
        8.077421497685,
        8.211674100684998,
        8.027977286685,
        8.202141279685,
        8.145160508684999,
        8.119798591684999,
        8.103666369685,
        8.086375989685,
        8.067767420685,
        8.032372086685
      ]
    }
  ]
}
