{
  "results": [
    {
      "command": "target/release/rtow",
      "mean": 7.60348937884,
      "stddev": 0.3517437024347749,
      "median": 7.45160714214,
      "user": 7.599379809999999,
      "system": 0.003981025,
      "min": 7.36939581014,
      "max": 8.28615717014,
      "times": [
        8.28615717014,
        7.54210822214,
        7.52564384314,
        7.48041517414,
        7.42279911014,
        7.41698158614,
        8.23496535314,
        7.37615236714,
        7.36939581014,
        7.38027515214
      ]
    }
  ]
}
