{
  "results": [
    {
      "command": "target/release/rtow",
      "mean": 7.889419978235,
      "stddev": 0.18649882351870808,
      "median": 7.830986643035,
      "user": 7.8850602,
      "system": 0.0042622499999999995,
      "min": 7.814465957535,
      "max": 8.419033902535,
      "times": [
        8.419033902535,
        7.846207507535,
        7.832631245535,
        7.851357191535,
        7.817711193535,
        7.8407199555350005,
        7.814465957535,
        7.821665012535,
        7.821065775535,
        7.829342040535
      ]
    }
  ]
}
