{
  "results": [
    {
      "command": "target/release/rtow",
      "mean": 8.477036111145,
      "stddev": 0.14278670606531002,
      "median": 8.538698571545,
      "user": 8.472392260000001,
      "system": 0.004366585,
      "min": 8.216330611045,
      "max": 8.621026660045,
      "times": [
        8.216330611045,
        8.469275115044999,
        8.584810802045,
        8.336196047045,
        8.297976780045,
        8.621026660045,
        8.585775170045,
        8.559451323045,
        8.581572783044999,
        8.517945820045
      ]
    }
  ]
}
